logged_at_utc,forecast_issue_time,forecast_target_time,ground_truth_matched,pred_M1_Temp,pred_M1_Humid,pred_M1_CO2,pred_M1_TVOC,pred_M4_Temp,pred_M4_Humid,pred_M4_CO2,pred_M4_TVOC,pred_M6_Temp,pred_M6_Humid,pred_M6_CO2,pred_M6_TVOC,pred_M7_Temp,pred_M7_Humid,pred_M7_CO2,pred_M7_TVOC,pred_M8_Temp,pred_M8_Humid,pred_M8_CO2,pred_M8_TVOC,pred_M9_Temp,pred_M9_Humid,pred_M9_CO2,pred_M9_TVOC,gt_M1_Temp,residual_M1_Temp,abs_error_M1_Temp,gt_M1_Humid,residual_M1_Humid,abs_error_M1_Humid,gt_M1_CO2,residual_M1_CO2,abs_error_M1_CO2,gt_M1_TVOC,residual_M1_TVOC,abs_error_M1_TVOC,gt_M4_Temp,residual_M4_Temp,abs_error_M4_Temp,gt_M4_Humid,residual_M4_Humid,abs_error_M4_Humid,gt_M4_CO2,residual_M4_CO2,abs_error_M4_CO2,gt_M4_TVOC,residual_M4_TVOC,abs_error_M4_TVOC,gt_M6_Temp,residual_M6_Temp,abs_error_M6_Temp,gt_M6_Humid,residual_M6_Humid,abs_error_M6_Humid,gt_M6_CO2,residual_M6_CO2,abs_error_M6_CO2,gt_M6_TVOC,residual_M6_TVOC,abs_error_M6_TVOC,gt_M7_Temp,residual_M7_Temp,abs_error_M7_Temp,gt_M7_Humid,residual_M7_Humid,abs_error_M7_Humid,gt_M7_CO2,residual_M7_CO2,abs_error_M7_CO2,gt_M7_TVOC,residual_M7_TVOC,abs_error_M7_TVOC,gt_M8_Temp,residual_M8_Temp,abs_error_M8_Temp,gt_M8_Humid,residual_M8_Humid,abs_error_M8_Humid,gt_M8_CO2,residual_M8_CO2,abs_error_M8_CO2,gt_M8_TVOC,residual_M8_TVOC,abs_error_M8_TVOC,gt_M9_Temp,residual_M9_Temp,abs_error_M9_Temp,gt_M9_Humid,residual_M9_Humid,abs_error_M9_Humid,gt_M9_CO2,residual_M9_CO2,abs_error_M9_CO2,gt_M9_TVOC,residual_M9_TVOC,abs_error_M9_TVOC,ground_truth_time,gt_matched_M1_Temp,gt_matched_M1_Humid,gt_matched_M1_CO2,gt_matched_M1_TVOC,gt_matched_M4_Temp,gt_matched_M4_Humid,gt_matched_M4_CO2,gt_matched_M4_TVOC,gt_matched_M6_Temp,gt_matched_M6_Humid,gt_matched_M6_CO2,gt_matched_M6_TVOC,gt_matched_M7_Temp,gt_matched_M7_Humid,gt_matched_M7_CO2,gt_matched_M7_TVOC,gt_matched_M8_Temp,gt_matched_M8_Humid,gt_matched_M8_CO2,gt_matched_M8_TVOC,gt_matched_M9_Temp,gt_matched_M9_Humid,gt_matched_M9_CO2,gt_matched_M9_TVOC,pred_M10_Temp,gt_M10_Temp,gt_matched_M10_Temp,residual_M10_Temp,abs_error_M10_Temp,pred_M10_Humid,gt_M10_Humid,gt_matched_M10_Humid,residual_M10_Humid,abs_error_M10_Humid,pred_M10_CO2,gt_M10_CO2,gt_matched_M10_CO2,residual_M10_CO2,abs_error_M10_CO2,pred_M10_TVOC,gt_M10_TVOC,gt_matched_M10_TVOC,residual_M10_TVOC,abs_error_M10_TVOC,pred_M11_Temp,gt_M11_Temp,gt_matched_M11_Temp,residual_M11_Temp,abs_error_M11_Temp,pred_M11_Humid,gt_M11_Humid,gt_matched_M11_Humid,residual_M11_Humid,abs_error_M11_Humid,pred_M11_CO2,gt_M11_CO2,gt_matched_M11_CO2,residual_M11_CO2,abs_error_M11_CO2,pred_M11_TVOC,gt_M11_TVOC,gt_matched_M11_TVOC,residual_M11_TVOC,abs_error_M11_TVOC
2026-02-25T05:21:30,2026-02-25 12:18:01.876863,2026-02-25 12:21:01.877435,False,26.068872451782227,77.10907745361328,399.95452880859375,0.0155775714665651,25.900484085083008,61.59035873413086,460.6078186035156,9.055996894836426,30.924516677856445,64.1804428100586,400.0305480957031,-0.0427353680133819,26.60455894470215,60.82944488525391,399.97705078125,0.0182428732514381,31.18854713439941,66.01083374023438,1682.957763671875,322.0376892089844,30.71558952331543,65.672607421875,400.0784912109375,-0.0118313990533351,27.637164884549822,1.5682924327675956,1.5682924327675956,71.21867348520068,-5.890403968412599,5.890403968412599,400.0,0.04547119140625,0.04547119140625,0.0,-0.0155775714665651,0.0155775714665651,25.9,-0.0004840850830092336,0.0004840850830092336,58.5,-3.0903587341308594,3.0903587341308594,542.0,81.39218139648438,81.39218139648438,21.0,11.944003105163574,11.944003105163574,30.9,-0.024516677856446734,0.024516677856446734,64.9,0.7195571899414119,0.7195571899414119,400.0,-0.030548095703125,0.030548095703125,0.0,0.0427353680133819,0.0427353680133819,26.5,-0.10455894470214844,0.10455894470214844,57.3,-3.529444885253916,3.529444885253916,400.0,0.02294921875,0.02294921875,15.269179535250876,15.250936661999438,15.250936661999438,31.2,0.01145286560058878,0.01145286560058878,66.0,-0.010833740234375,0.010833740234375,1683.0,0.042236328125,0.042236328125,322.0,-0.037689208984375,0.037689208984375,30.7,-0.015589523315430398,0.015589523315430398,65.1,-0.5726074218750057,0.5726074218750057,408.5502354788069,8.471744267869383,8.471744267869383,0.9500261643118787,0.9618575633652138,0.9618575633652138,2026-02-25 12:21:01.875113,True,True,True,True,True,True,True,True,True,True,True,True,True,True,True,True,True,True,True,True,True,True,True,True,,,False,,,,,False,,,,,False,,,,,False,,,,,False,,,,,False,,,,,False,,,,,False,,
2026-02-25T05:23:55,2026-02-25 12:21:01.875113,2026-02-25 12:24:01.875671,False,26.042346954345703,77.08838653564453,399.9394226074219,0.0908363312482833,25.892953872680664,61.171653747558594,469.8132019042969,10.948267936706545,30.923877716064453,65.22167205810547,399.9744567871094,-0.0001158881932497,26.56655502319336,60.01521301269531,399.9753112792969,0.0174142643809318,31.160234451293945,66.03108215332031,1682.930419921875,321.9621276855469,30.72846031188965,65.90035247802734,399.9797973632813,-0.0102393142879009,27.637253990392065,1.5949070360463615,1.5949070360463615,71.21833255849992,-5.870053977144607,5.870053977144607,400.0,0.060577392578125,0.060577392578125,0.0,-0.0908363312482833,0.0908363312482833,25.9,0.007046127319334516,0.007046127319334516,62.5,1.3283462524414062,1.3283462524414062,452.0,-17.813201904296875,17.813201904296875,7.0,-3.9482679367065447,3.9482679367065447,31.1,0.1761222839355483,0.1761222839355483,64.2,-1.021672058105466,1.021672058105466,400.0,0.025543212890625,0.025543212890625,0.0,0.0001158881932497,0.0001158881932497,26.5,-0.06655502319335938,0.06655502319335938,61.5,1.4847869873046875,1.4847869873046875,400.0,0.024688720703125,0.024688720703125,15.26982090877695,15.252406644396018,15.252406644396018,31.2,0.03976554870605398,0.03976554870605398,66.0,-0.0310821533203125,0.0310821533203125,1683.0,0.069580078125,0.069580078125,322.0,0.037872314453125,0.037872314453125,30.7,-0.028460311889649148,0.028460311889649148,65.0,-0.9003524780273438,0.9003524780273438,408.55141287284147,8.57161550956016,8.57161550956016,0.9501569858712716,0.9603963001591725,0.9603963001591725,2026-02-25 12:24:01.630043,True,True,True,True,True,True,True,True,True,True,True,True,True,True,True,True,True,True,True,True,True,True,True,True,,,False,,,,,False,,,,,False,,,,,False,,,,,False,,,,,False,,,,,False,,,,,False,,
2026-02-25T05:25:23,2026-02-25 12:24:01.630043,2026-02-25 12:27:01.630587,False,26.091997146606445,77.02255249023438,399.9237365722656,0.0100456345826387,26.026103973388672,63.44036102294922,458.3945617675781,7.964325428009033,31.09359359741211,64.37380981445312,399.9363098144531,-0.0144474972039461,26.72200584411621,61.93289566040039,400.031494140625,0.0855256840586662,31.1588191986084,66.07611846923828,1682.961669921875,321.9633178710937,30.704355239868164,64.78577423095703,400.0428771972656,-0.0061246715486049,27.63734309623431,1.5453459496278654,1.5453459496278654,71.21799163179917,-5.8045608584352095,5.8045608584352095,400.0,0.076263427734375,0.076263427734375,0.0,-0.0100456345826387,0.0100456345826387,26.1,0.07389602661132955,0.07389602661132955,63.8,0.3596389770507784,0.3596389770507784,424.0,-34.394561767578125,34.394561767578125,3.0,-4.964325428009033,4.964325428009033,31.3,0.20640640258789134,0.20640640258789134,64.2,-0.17380981445312216,0.17380981445312216,400.0,0.063690185546875,0.063690185546875,0.0,0.0144474972039461,0.0144474972039461,26.8,0.07799415588378977,0.07799415588378977,62.7,0.7671043395996122,0.7671043395996122,400.0,-0.031494140625,0.031494140625,15.270462282303024,15.184936598244358,15.184936598244358,31.2,0.04118080139160085,0.04118080139160085,66.0,-0.07611846923828125,0.07611846923828125,1683.0,0.038330078125,0.038330078125,322.0,0.03668212890630684,0.03668212890630684,30.7,-0.004355239868164773,0.004355239868164773,65.2,0.4142257690429716,0.4142257690429716,408.552590266876,8.50971306961037,8.50971306961037,0.9502878074306647,0.9564124789792695,0.9564124789792695,2026-02-25 12:27:01.792836,True,True,True,True,True,True,True,True,True,True,True,True,True,True,True,True,True,True,True,True,True,True,True,True,,,False,,,,,False,,,,,False,,,,,False,,,,,False,,,,,False,,,,,False,,,,,False,,
2026-02-25T05:30:58,2026-02-25 12:30:01.598465,2026-02-25 12:33:01.599009,False,26.08722686767578,77.2703628540039,400.135498046875,0.0297617521136999,26.252120971679688,60.56731033325195,467.44580078125,9.939716339111328,31.257614135742188,64.23944854736328,400.0789489746094,-0.0182456765323877,26.65359306335449,60.31692886352539,400.0139465332031,-0.0504091680049896,31.24542236328125,65.90978240966797,1683.0296630859375,322.04754638671875,30.678590774536133,64.67768859863281,399.9561767578125,-0.0958625227212905,27.637521307918796,1.5502944402430145,1.5502944402430145,71.21730977839763,-6.053053075606272,6.053053075606272,400.0,-0.135498046875,0.135498046875,0.0,-0.0297617521136999,0.0297617521136999,26.1,-0.15212097167968608,0.15212097167968608,60.3,-0.26731033325195597,0.26731033325195597,478.0,10.55419921875,10.55419921875,11.0,1.0602836608886719,1.0602836608886719,31.3,0.04238586425781321,0.04238586425781321,63.7,-0.5394485473632784,0.5394485473632784,400.0,-0.078948974609375,0.078948974609375,0.0,0.0182456765323877,0.0182456765323877,26.5,-0.15359306335448863,0.15359306335448863,59.7,-0.6169288635253878,0.6169288635253878,400.0,-0.013946533203125,0.013946533203125,15.271745029355174,15.322154197360163,15.322154197360163,31.2,-0.04542236328125071,0.04542236328125071,66.0,0.09021759033203125,0.09021759033203125,1683.0,-0.0296630859375,0.0296630859375,322.0,-0.04754638671875,0.04754638671875,30.8,0.1214092254638679,0.1214092254638679,65.3,0.6223114013671847,0.6223114013671847,408.55494505494505,8.598768297132551,8.598768297132551,0.9505494505494506,1.046411973270741,1.046411973270741,2026-02-25 12:33:01.836166,True,True,True,True,True,True,True,True,True,True,True,True,True,True,True,True,True,True,True,True,True,True,True,True,,,False,,,,,False,,,,,False,,,,,False,,,,,False,,,,,False,,,,,False,,,,,False,,
2026-02-25T05:31:34,2026-02-25 12:27:01.792836,2026-02-25 12:30:01.793394,False,26.08797836303711,77.12321472167969,400.0298156738281,0.0181289482861757,26.23429679870605,61.832969665527344,427.8304748535156,3.966141223907471,31.21143913269043,64.39633178710938,399.98577880859375,0.00876478664577,26.93837547302246,60.588985443115234,400.026123046875,-0.0015788748860359,31.18218040466309,65.99698638916016,1682.973876953125,321.993408203125,30.71417999267578,64.38618469238281,399.9577331542969,-0.0462837032973766,27.637432202076553,1.549453839039444,1.549453839039444,71.21765070509841,-5.90556401658128,5.90556401658128,400.0,-0.029815673828125,0.029815673828125,0.0,-0.0181289482861757,0.0181289482861757,26.2,-0.034296798706051845,0.034296798706051845,61.0,-0.8329696655273438,0.8329696655273438,477.0,49.169525146484375,49.169525146484375,11.0,7.033858776092529,7.033858776092529,31.4,0.1885608673095689,0.1885608673095689,64.0,-0.396331787109375,0.396331787109375,400.0,0.01422119140625,0.01422119140625,0.0,-0.00876478664577,0.00876478664577,26.7,-0.23837547302246165,0.23837547302246165,60.2,-0.38898544311523153,0.38898544311523153,400.0,-0.026123046875,0.026123046875,15.271103655829098,15.272682530715134,15.272682530715134,31.2,0.0178195953369098,0.0178195953369098,66.0,0.00301361083984375,0.00301361083984375,1683.0,0.026123046875,0.026123046875,322.0,0.006591796875,0.006591796875,30.7,-0.01417999267578196,0.01417999267578196,65.4,1.0138153076171932,1.0138153076171932,408.5537676609105,8.596034506613648,8.596034506613648,0.9504186289900576,0.9967023322874342,0.9967023322874342,2026-02-25 12:30:01.598465,True,True,True,True,True,True,True,True,True,True,True,True,True,True,True,True,True,True,True,True,True,True,True,True,,,False,,,,,False,,,,,False,,,,,False,,,,,False,,,,,False,,,,,False,,,,,False,,
2026-02-25T05:34:58,2026-02-25 12:30:01.598465,2026-02-25 12:33:01.599023,False,26.08722686767578,77.2703628540039,400.135498046875,0.0297617521136999,26.252120971679688,60.56731033325195,467.44580078125,9.939716339111328,31.257614135742188,64.23944854736328,400.0789489746094,-0.0182456765323877,26.65359306335449,60.31692886352539,400.0139465332031,-0.0504091680049896,31.24542236328125,65.90978240966797,1683.0296630859375,322.04754638671875,30.678590774536133,64.67768859863281,399.9561767578125,-0.0958625227212905,27.637521307918796,1.5502944402430145,1.5502944402430145,71.21730977839763,-6.053053075606272,6.053053075606272,400.0,-0.135498046875,0.135498046875,0.0,-0.0297617521136999,0.0297617521136999,26.1,-0.15212097167968608,0.15212097167968608,60.3,-0.26731033325195597,0.26731033325195597,478.0,10.55419921875,10.55419921875,11.0,1.0602836608886719,1.0602836608886719,31.3,0.04238586425781321,0.04238586425781321,63.7,-0.5394485473632784,0.5394485473632784,400.0,-0.078948974609375,0.078948974609375,0.0,0.0182456765323877,0.0182456765323877,26.5,-0.15359306335448863,0.15359306335448863,59.7,-0.6169288635253878,0.6169288635253878,400.0,-0.013946533203125,0.013946533203125,15.271745029355174,15.322154197360163,15.322154197360163,31.2,-0.04542236328125071,0.04542236328125071,66.0,0.09021759033203125,0.09021759033203125,1683.0,-0.0296630859375,0.0296630859375,322.0,-0.04754638671875,0.04754638671875,30.8,0.1214092254638679,0.1214092254638679,65.3,0.6223114013671847,0.6223114013671847,408.55494505494505,8.598768297132551,8.598768297132551,0.9505494505494506,1.046411973270741,1.046411973270741,2026-02-25 12:33:01.836166,True,True,True,True,True,True,True,True,True,True,True,True,True,True,True,True,True,True,True,True,True,True,True,True,,,False,,,,,False,,,,,False,,,,,False,,,,,False,,,,,False,,,,,False,,,,,False,,
2026-02-25T05:39:46,2026-02-25 12:36:01.638911,2026-02-25 12:39:01.639469,False,26.10151481628418,77.08484649658203,399.9947509765625,-0.0155017655342817,25.85964584350586,59.493106842041016,504.24749755859375,14.687524795532228,31.19519424438477,64.30231475830078,399.93499755859375,0.0401149094104766,26.309616088867188,59.02740097045898,400.0016784667969,-0.0283416882157325,31.244752883911133,65.99105072021484,1683.018798828125,321.9666442871094,30.786666870117188,64.88221740722656,399.9470825195313,0.0156162865459918,27.637699519603284,1.5361847033191047,1.5361847033191047,71.21662792499612,-5.868218571585913,5.868218571585913,400.0,0.0052490234375,0.0052490234375,0.0,0.0155017655342817,0.0155017655342817,26.0,0.14035415649414062,0.14035415649414062,60.7,1.2068931579589872,1.2068931579589872,1581.0,1076.7525024414062,1076.7525024414062,229.0,214.31247520446777,214.31247520446777,31.3,0.10480575561523153,0.10480575561523153,63.7,-0.6023147583007784,0.6023147583007784,400.0,0.06500244140625,0.06500244140625,0.0,-0.0401149094104766,0.0401149094104766,26.6,0.2903839111328139,0.2903839111328139,60.5,1.4725990295410227,1.4725990295410227,400.0,-0.001678466796875,0.001678466796875,15.273027776407321,15.301369464623054,15.301369464623054,31.2,-0.04475288391113352,0.04475288391113352,66.0,0.00894927978515625,0.00894927978515625,1683.0,-0.018798828125,0.018798828125,322.0,0.033355712890625,0.033355712890625,30.8,0.01333312988281321,0.01333312988281321,65.1,0.21778259277343182,0.21778259277343182,408.5572998430141,8.6102173234828,8.6102173234828,0.9508110936682366,0.9351948071222448,0.9351948071222448,2026-02-25 12:39:01.649521,True,True,True,True,True,True,True,True,True,True,True,True,True,True,True,True,True,True,True,True,True,True,True,True,,,False,,,,,False,,,,,False,,,,,False,,,,,False,,,,,False,,,,,False,,,,,False,,
2026-02-25T05:42:06,2026-02-25 12:39:01.649521,2026-02-25 12:42:01.650079,False,26.09464263916016,77.11267852783203,400.0094299316406,-0.0688177198171615,26.06607818603516,60.81103897094727,508.6212463378906,15.03280258178711,31.27267074584961,63.81104278564453,399.92425537109375,-0.0462503135204315,26.74327850341797,60.41759490966797,400.0192565917969,0.0289256945252418,31.1969051361084,66.09469604492188,1683.0301513671875,322.0067443847656,30.73652076721192,64.97437286376953,400.0037841796875,-0.0095045529305934,27.63778862544553,1.5431459862853707,1.5431459862853707,71.21628699829536,-5.896391529536672,5.896391529536672,400.0,-0.009429931640625,0.009429931640625,0.0,0.0688177198171615,0.0688177198171615,26.1,0.03392181396484162,0.03392181396484162,63.5,2.6889610290527273,2.6889610290527273,1524.0,1015.3787536621094,1015.3787536621094,187.0,171.9671974182129,171.9671974182129,31.2,-0.07267074584961009,0.07267074584961009,63.7,-0.11104278564452841,0.11104278564452841,400.0,0.07574462890625,0.07574462890625,0.0,0.0462503135204315,0.0462503135204315,26.9,0.15672149658202983,0.15672149658202983,62.1,1.6824050903320327,1.6824050903320327,400.0,-0.019256591796875,0.019256591796875,15.273669149933395,15.244743455408154,15.244743455408154,31.2,0.003094863891600852,0.003094863891600852,66.0,-0.094696044921875,0.094696044921875,1683.0,-0.0301513671875,0.0301513671875,322.0,-0.006744384765625,0.006744384765625,30.8,0.06347923278807954,0.06347923278807954,64.9,-0.07437286376952557,0.07437286376952557,408.5584772370487,8.554693057361192,8.554693057361192,0.9509419152276296,0.960446468158223,0.960446468158223,2026-02-25 12:42:01.648384,True,True,True,True,True,True,True,True,True,True,True,True,True,True,True,True,True,True,True,True,True,True,True,True,,,False,,,,,False,,,,,False,,,,,False,,,,,False,,,,,False,,,,,False,,,,,False,,
2026-02-25T05:48:57,2026-02-25 12:42:01.648384,2026-02-25 12:45:01.648942,False,26.151382446289062,77.07142639160156,400.0750732421875,-0.0206520240753889,26.310203552246094,61.227294921875,480.0802917480469,11.589367866516112,31.18720436096192,63.96923828125,399.99029541015625,-0.0346672534942626,27.215612411499023,59.28823852539063,400.0128173828125,-0.0710425451397895,31.239072799682617,66.0457534790039,1682.9764404296875,322.0352478027344,30.77577209472656,65.21237182617188,400.0363464355469,-0.0284198932349681,27.637877731287773,1.4864952849987105,1.4864952849987105,71.2159460715946,-5.855480320006961,5.855480320006961,400.0,-0.0750732421875,0.0750732421875,0.0,0.0206520240753889,0.0206520240753889,26.3,-0.01020355224609304,0.01020355224609304,61.2,-0.027294921874997158,0.027294921874997158,1527.0,1046.9197082519531,1046.9197082519531,190.0,178.4106321334839,178.4106321334839,31.2,0.012795639038078122,0.012795639038078122,63.4,-0.5692382812500014,0.5692382812500014,400.0,0.00970458984375,0.00970458984375,0.0,0.0346672534942626,0.0346672534942626,27.1,-0.11561241149902202,0.11561241149902202,59.5,0.2117614746093679,0.2117614746093679,400.0,-0.0128173828125,0.0128173828125,15.27431052345947,15.345353068599259,15.345353068599259,31.2,-0.0390727996826179,0.0390727996826179,66.0,-0.04575347900390625,0.04575347900390625,1683.0,0.0235595703125,0.0235595703125,322.0,-0.035247802734375,0.035247802734375,30.8,0.024227905273441763,0.024227905273441763,65.0,-0.212371826171875,0.212371826171875,408.5596546310832,8.523308195536345,8.523308195536345,0.9510727367870225,0.9794926300219906,0.9794926300219906,2026-02-25 12:45:01.928034,True,True,True,True,True,True,True,True,True,True,True,True,True,True,True,True,True,True,True,True,True,True,True,True,,,False,,,,,False,,,,,False,,,,,False,,,,,False,,,,,False,,,,,False,,,,,False,,
2026-02-25T05:50:20,2026-02-25 12:48:01.901296,2026-02-25 12:51:01.901854,False,26.10221099853516,77.07862091064453,399.9551086425781,-0.0104289408773183,26.26613998413086,59.55889129638672,495.6764526367188,13.46120262145996,31.403364181518555,63.14219284057617,399.919189453125,0.0477296635508537,26.833385467529297,58.63260269165039,400.0456848144531,-0.0391944125294685,31.239791870117188,66.00753021240234,1683.018798828125,322.01422119140625,30.86945533752441,64.62283325195312,400.00628662109375,0.0128331966698169,27.63805594297226,1.5358449444371018,1.5358449444371018,71.21526421819308,-5.863356692451447,5.863356692451447,400.0,0.044891357421875,0.044891357421875,0.0,0.0104289408773183,0.0104289408773183,26.2,-0.06613998413086009,0.06613998413086009,60.0,0.44110870361328125,0.44110870361328125,1548.0,1052.3235473632812,1052.3235473632812,206.0,192.53879737854004,192.53879737854004,31.5,0.09663581848144531,0.09663581848144531,62.9,-0.2421928405761733,0.2421928405761733,400.0,0.080810546875,0.080810546875,0.0,-0.0477296635508537,0.0477296635508537,26.8,-0.033385467529296164,0.033385467529296164,59.0,0.3673973083496094,0.3673973083496094,400.0,-0.045684814453125,0.045684814453125,15.275593270511619,15.314787683041088,15.314787683041088,31.2,-0.03979187011718821,0.03979187011718821,66.0,-0.00753021240234375,0.00753021240234375,1683.0,-0.018798828125,0.018798828125,322.0,-0.01422119140625,0.01422119140625,30.9,0.03054466247558807,0.03054466247558807,64.5,-0.122833251953125,0.122833251953125,408.5620094191523,8.555722798058525,8.555722798058525,0.9513343799058085,0.9385011832359916,0.9385011832359916,2026-02-25 12:51:01.790126,True,True,True,True,True,True,True,True,True,True,True,True,True,True,True,True,True,True,True,True,True,True,True,True,,,False,,,,,False,,,,,False,,,,,False,,,,,False,,,,,False,,,,,False,,,,,False,,
2026-02-25T05:56:01,2026-02-25 12:51:01.790126,2026-02-25 12:54:01.790684,False,26.0791015625,77.05933380126953,399.986328125,0.0143260788172483,26.11079788208008,59.549583435058594,522.197021484375,17.193992614746094,31.491605758666992,62.93561172485352,399.9639892578125,0.0302171874791383,26.66338157653809,58.77529144287109,399.9674682617188,0.074831299483776,31.260662078857425,65.95548248291016,1683.036376953125,322.01385498046875,30.892230987548828,64.41893768310547,400.01666259765625,-0.0012654773890972,27.638145048814504,1.5590434863145042,1.5590434863145042,71.21492329149233,-5.844410509777205,5.844410509777205,400.0,0.013671875,0.013671875,0.0,-0.0143260788172483,0.0143260788172483,26.1,-0.010797882080080257,0.010797882080080257,59.5,-0.04958343505859375,0.04958343505859375,1560.0,1037.802978515625,1037.802978515625,214.0,196.8060073852539,196.8060073852539,31.8,0.3083942413330085,0.3083942413330085,62.1,-0.8356117248535213,0.8356117248535213,400.0,0.0360107421875,0.0360107421875,0.0,-0.0302171874791383,0.0302171874791383,26.7,0.0366184234619098,0.0366184234619098,58.5,-0.27529144287108664,0.27529144287108664,400.0,0.03253173828119316,0.03253173828119316,15.276234644037693,15.201403344553917,15.201403344553917,31.2,-0.06066207885742614,0.06066207885742614,66.0,0.04451751708984375,0.04451751708984375,1683.0,-0.036376953125,0.036376953125,322.0,-0.01385498046875,0.01385498046875,30.9,0.007769012451170454,0.007769012451170454,64.6,0.18106231689452557,0.18106231689452557,408.5631868131868,8.546524215530553,8.546524215530553,0.9514652014652015,0.9527306788542987,0.9527306788542987,2026-02-25 12:54:01.733052,True,True,True,True,True,True,True,True,True,True,True,True,True,True,True,True,True,True,True,True,True,True,True,True,,,False,,,,,False,,,,,False,,,,,False,,,,,False,,,,,False,,,,,False,,,,,False,,
2026-02-25T05:56:21,2026-02-25 12:54:01.733052,2026-02-25 12:57:01.733610,False,26.04105758666992,77.03903198242188,399.9067687988281,0.0409253276884555,26.12074279785156,63.0146369934082,497.347900390625,13.511616706848145,31.727802276611328,62.11601257324219,399.8918151855469,0.0963808894157409,26.7801456451416,62.00760269165039,400.0242919921875,0.1004443988204002,31.19363594055176,65.96748352050781,1682.9154052734375,322.0061340332031,30.90086555480957,64.02063751220703,399.9995422363281,0.0266039706766605,27.63823415465675,1.597176567986832,1.597176567986832,71.21458236479157,-5.824449617630307,5.824449617630307,400.0,0.093231201171875,0.093231201171875,0.0,-0.0409253276884555,0.0409253276884555,26.0,-0.12074279785155895,0.12074279785155895,59.3,-3.714636993408206,3.714636993408206,1566.0,1068.652099609375,1068.652099609375,219.0,205.48838329315186,205.48838329315186,31.7,-0.027802276611328836,0.027802276611328836,62.1,-0.01601257324218608,0.01601257324218608,400.0,0.108184814453125,0.108184814453125,0.0,-0.0963808894157409,0.0963808894157409,26.5,-0.28014564514160156,0.28014564514160156,58.3,-3.7076026916503935,3.7076026916503935,400.0,-0.0242919921875,0.0242919921875,15.276876017563767,15.176431618743367,15.176431618743367,31.2,0.006364059448237924,0.006364059448237924,66.0,0.0325164794921875,0.0325164794921875,1683.0,0.0845947265625,0.0845947265625,322.0,-0.006134033203125,0.006134033203125,30.9,-0.0008655548095717336,0.0008655548095717336,64.5,0.47936248779296875,0.47936248779296875,408.56436420722133,8.564821970893206,8.564821970893206,0.9515960230245946,0.924992052347934,0.924992052347934,2026-02-25 12:57:01.695033,True,True,True,True,True,True,True,True,True,True,True,True,True,True,True,True,True,True,True,True,True,True,True,True,,,False,,,,,False,,,,,False,,,,,False,,,,,False,,,,,False,,,,,False,,,,,False,,
2026-02-25T05:59:19,2026-02-25 12:57:01.695033,2026-02-25 13:00:01.695591,False,26.121490478515625,77.04741668701172,399.9270935058594,-0.0059147304855287,25.973125457763672,63.18099594116211,491.2044677734375,12.74011516571045,31.63581085205078,62.052345275878906,399.936767578125,0.0594739615917205,26.47163391113281,62.48307418823242,400.0500183105469,-0.0220432952046394,31.23241424560547,66.01071166992188,1682.9312744140625,321.9723815917969,30.877836227416992,63.67049407958984,399.9844665527344,0.0299686230719089,27.638323260498993,1.5168327819833678,1.5168327819833678,71.21424143809081,-5.833175248920909,5.833175248920909,400.0,0.072906494140625,0.072906494140625,0.0,0.0059147304855287,0.0059147304855287,25.8,-0.17312545776367116,0.17312545776367116,59.1,-4.080995941162108,4.080995941162108,1608.0,1116.7955322265625,1116.7955322265625,254.0,241.25988483428955,241.25988483428955,31.7,0.06418914794921804,0.06418914794921804,61.7,-0.3523452758789034,0.3523452758789034,400.0,0.063232421875,0.063232421875,0.0,-0.0594739615917205,0.0594739615917205,26.3,-0.17163391113280824,0.17163391113280824,58.3,-4.183074188232425,4.183074188232425,400.0,-0.050018310546875,0.050018310546875,15.277517391089841,15.29956068629448,15.29956068629448,31.2,-0.03241424560546946,0.03241424560546946,66.0,-0.010711669921875,0.010711669921875,1683.0,0.0687255859375,0.0687255859375,322.0,0.027618408203125,0.027618408203125,30.9,0.02216377258300639,0.02216377258300639,64.6,0.9295059204101577,0.9295059204101577,408.56554160125586,8.581075048521484,8.581075048521484,0.9517268445839875,0.9217582215120785,0.9217582215120785,2026-02-25 13:00:01.683583,True,True,True,True,True,True,True,True,True,True,True,True,True,True,True,True,True,True,True,True,True,True,True,True,,,False,,,,,False,,,,,False,,,,,False,,,,,False,,,,,False,,,,,False,,,,,False,,
2026-02-25T06:02:19,2026-02-25 13:00:01.683583,2026-02-25 13:03:01.684141,False,26.096895217895508,77.05699920654297,399.92083740234375,-0.0525337494909763,25.78338432312012,62.19870376586914,486.5984497070313,11.664284706115724,31.637454986572266,61.6699104309082,399.9635620117188,0.0493577867746353,26.26790237426757,61.62591552734375,400.0334777832031,-0.0420355647802352,31.25166702270508,65.98896789550781,1682.9869384765625,321.97003173828125,30.86160087585449,64.10482788085938,399.9835510253906,0.0469752885401248,27.638412366341235,1.5415171484457275,1.5415171484457275,71.21390051139005,-5.843098695152918,5.843098695152918,400.0,0.07916259765625,0.07916259765625,0.0,0.0525337494909763,0.0525337494909763,25.7,-0.08338432312012145,0.08338432312012145,58.9,-3.298703765869142,3.298703765869142,1612.0,1125.4015502929688,1125.4015502929688,257.0,245.33571529388428,245.33571529388428,31.7,0.06254501342773366,0.06254501342773366,61.8,0.13008956909179403,0.13008956909179403,400.0,0.03643798828119316,0.03643798828119316,0.0,-0.0493577867746353,0.0493577867746353,26.2,-0.06790237426757173,0.06790237426757173,58.2,-3.425915527343747,3.425915527343747,400.0,-0.033477783203125,0.033477783203125,15.278158764615915,15.32019432939615,15.32019432939615,31.2,-0.05166702270508239,0.05166702270508239,66.0,0.0110321044921875,0.0110321044921875,1683.0,0.0130615234375,0.0130615234375,322.0,0.02996826171875,0.02996826171875,31.0,0.13839912414551137,0.13839912414551137,64.3,0.19517211914062216,0.19517211914062216,408.56671899529044,8.583167969899819,8.583167969899819,0.9518576661433805,0.9048823776032557,0.9048823776032557,2026-02-25 13:03:01.825085,True,True,True,True,True,True,True,True,True,True,True,True,True,True,True,True,True,True,True,True,True,True,True,True,,,False,,,,,False,,,,,False,,,,,False,,,,,False,,,,,False,,,,,False,,,,,False,,
2026-02-25T06:05:21,2026-02-25 13:03:01.825085,2026-02-25 13:06:01.825643,False,26.07924461364746,77.08858489990234,399.97314453125,-0.1086627691984176,25.70207405090332,60.62076187133789,494.3523864746094,12.79290771484375,31.65536880493164,61.77620697021485,400.0469970703125,0.0138611625880002,26.18387222290039,60.1829719543457,399.9884338378906,-0.0693464502692222,31.21881675720215,65.9973373413086,1683.0362548828125,321.99267578125,30.93450927734375,64.3039321899414,399.9974365234375,0.0564594306051731,27.63850147218348,1.5592568585360205,1.5592568585360205,71.21355958468929,-5.875025315213051,5.875025315213051,400.0,0.02685546875,0.02685546875,0.0,0.1086627691984176,0.1086627691984176,25.6,-0.10207405090331889,0.10207405090331889,58.7,-1.9207618713378878,1.9207618713378878,1628.0,1133.6476135253906,1133.6476135253906,271.0,258.20709228515625,258.20709228515625,31.6,-0.055368804931639204,0.055368804931639204,62.1,0.32379302978515057,0.32379302978515057,400.0,-0.0469970703125,0.0469970703125,0.0,-0.0138611625880002,0.0138611625880002,26.1,-0.0838722229003892,0.0838722229003892,57.9,-2.2829719543457045,2.2829719543457045,400.0,0.011566162109375,0.011566162109375,15.27880013814199,15.348146588411213,15.348146588411213,31.2,-0.018816757202149148,0.018816757202149148,66.0,0.00266265869140625,0.00266265869140625,1683.0,-0.0362548828125,0.0362548828125,322.0,0.00732421875,0.00732421875,30.9,-0.03450927734375142,0.03450927734375142,64.2,-0.10393218994140341,0.10393218994140341,408.56789638932497,8.570459865887472,8.570459865887472,0.9519884877027734,0.8955290570976003,0.8955290570976003,2026-02-25 13:06:01.848467,True,True,True,True,True,True,True,True,True,True,True,True,True,True,True,True,True,True,True,True,True,True,True,True,,,False,,,,,False,,,,,False,,,,,False,,,,,False,,,,,False,,,,,False,,,,,False,,
2026-02-25T06:12:03,2026-02-25 13:06:01.848467,2026-02-25 13:09:01.849025,False,26.105567932128903,77.07942962646484,400.0126037597656,-0.0443256720900535,25.556779861450195,58.04764175415039,509.3278198242188,15.08707332611084,31.546953201293945,62.14889144897461,400.1435241699219,-0.020216541364789,25.961305618286133,57.89580154418945,399.9690246582031,-0.0835063084959983,31.236299514770508,65.8926773071289,1683.0859375,322.0421142578125,30.84596824645996,64.78610229492188,400.0455017089844,0.0365391708910465,27.638590578025724,1.5330226458968212,1.5330226458968212,71.21321865798853,-5.8662109684763095,5.8662109684763095,400.0,-0.012603759765625,0.012603759765625,0.0,0.0443256720900535,0.0443256720900535,25.5,-0.05677986145019531,0.05677986145019531,58.4,0.35235824584960795,0.35235824584960795,1620.0,1110.6721801757812,1110.6721801757812,264.0,248.91292667388916,248.91292667388916,31.4,-0.14695320129394673,0.14695320129394673,62.4,0.2511085510253892,0.2511085510253892,400.0,-0.143524169921875,0.143524169921875,0.0,0.020216541364789,0.020216541364789,26.1,0.1386943817138686,0.1386943817138686,57.5,-0.3958015441894531,0.3958015441894531,400.0,0.030975341796875,0.030975341796875,15.279441511668065,15.362947820164063,15.362947820164063,31.2,-0.03629951477050852,0.03629951477050852,66.0,0.10732269287109375,0.10732269287109375,1683.0,-0.0859375,0.0859375,322.0,-0.0421142578125,0.0421142578125,31.0,0.15403175354003906,0.15403175354003906,64.2,-0.5861022949218722,0.5861022949218722,408.5690737833595,8.523572074375124,8.523572074375124,0.9521193092621665,0.91558013837112,0.91558013837112,2026-02-25 13:09:01.716320,True,True,True,True,True,True,True,True,True,True,True,True,True,True,True,True,True,True,True,True,True,True,True,True,,,False,,,,,False,,,,,False,,,,,False,,,,,False,,,,,False,,,,,False,,,,,False,,
2026-02-25T06:14:15,2026-02-25 13:09:01.716320,2026-02-25 13:12:01.716878,False,26.13637351989746,77.03096008300781,399.981689453125,0.0139509309083223,25.42487144470215,56.64908599853516,499.3428039550781,13.925359725952148,31.39430427551269,62.39904022216797,399.99896240234375,-0.0032900813966989,25.87644386291504,56.401512145996094,399.9942626953125,-0.0162808820605278,31.228052139282227,65.9282455444336,1683.0152587890625,322.03277587890625,30.956254959106445,64.5489501953125,400.0369262695313,-0.0166835896670818,27.638679683867966,1.5023061639705055,1.5023061639705055,71.21287773128776,-5.818082351720051,5.818082351720051,400.0,0.018310546875,0.018310546875,0.0,-0.0139509309083223,0.0139509309083223,25.6,0.17512855529785298,0.17512855529785298,63.2,6.5509140014648395,6.5509140014648395,1557.0,1057.6571960449219,1057.6571960449219,212.0,198.07464027404785,198.07464027404785,31.6,0.20569572448730966,0.20569572448730966,62.5,0.10095977783203125,0.10095977783203125,400.0,0.00103759765625,0.00103759765625,0.0,0.0032900813966989,0.0032900813966989,26.3,0.42355613708496165,0.42355613708496165,62.1,5.698487854003908,5.698487854003908,400.0,0.0057373046875,0.0057373046875,15.280082885194139,15.296363767254666,15.296363767254666,31.2,-0.028052139282227273,0.028052139282227273,66.0,0.07175445556640625,0.07175445556640625,1683.0,-0.0152587890625,0.0152587890625,322.0,-0.03277587890625,0.03277587890625,30.9,-0.056254959106446734,0.056254959106446734,64.3,-0.24895019531250284,0.24895019531250284,408.570251177394,8.53332490786272,8.53332490786272,0.9522501308215594,0.9689337204886412,0.9689337204886412,2026-02-25 13:12:01.872999,True,True,True,True,True,True,True,True,True,True,True,True,True,True,True,True,True,True,True,True,True,True,True,True,,,False,,,,,False,,,,,False,,,,,False,,,,,False,,,,,False,,,,,False,,,,,False,,
2026-02-25T06:17:28,2026-02-25 13:15:01.837823,2026-02-25 13:18:01.838381,False,26.103071212768555,77.10238647460938,400.008056640625,-0.0011968440376222,26.059749603271484,61.4866828918457,478.6712341308594,11.285626411437988,31.63374328613281,62.40605926513672,400.0387268066406,0.0369310602545738,26.815223693847656,60.035377502441406,400.0362854003906,-0.0099179521203041,31.22834205627441,65.93952178955078,1682.96875,322.01934814453125,30.86411476135254,63.95345687866211,400.0835266113281,-0.0706461817026138,27.638857895552455,1.5357866827839004,1.5357866827839004,71.21219587788624,-5.89019059672313,5.89019059672313,400.0,-0.008056640625,0.008056640625,0.0,0.0011968440376222,0.0011968440376222,26.1,0.040250396728517046,0.040250396728517046,60.5,-0.9866828918457031,0.9866828918457031,1532.0,1053.3287658691406,1053.3287658691406,193.0,181.714373588562,181.714373588562,31.7,0.06625671386719034,0.06625671386719034,61.5,-0.9060592651367188,0.9060592651367188,400.0,-0.038726806640625,0.038726806640625,0.0,-0.0369310602545738,0.0369310602545738,26.8,-0.01522369384765554,0.01522369384765554,59.1,-0.9353775024414048,0.9353775024414048,400.0,-0.036285400390625,0.036285400390625,15.281365632246287,15.29128358436659,15.29128358436659,31.2,-0.02834205627441122,0.02834205627441122,66.0,0.06047821044921875,0.06047821044921875,1683.0,0.03125,0.03125,322.0,-0.01934814453125,0.01934814453125,31.0,0.13588523864746094,0.13588523864746094,64.4,0.4465431213378963,0.4465431213378963,408.5726059654631,8.489079354134958,8.489079354134958,0.9525117739403455,1.0231579556429593,1.0231579556429593,2026-02-25 13:18:01.999866,True,True,True,True,True,True,True,True,True,True,True,True,True,True,True,True,True,True,True,True,True,True,True,True,,,False,,,,,False,,,,,False,,,,,False,,,,,False,,,,,False,,,,,False,,,,,False,,
2026-02-25T06:20:23,2026-02-25 13:18:01.999866,2026-02-25 13:21:02.000424,False,26.16057777404785,77.11003875732422,400.0311279296875,-0.0370181761682033,26.06959342956543,59.78335571289063,476.6300048828125,10.594240188598633,31.70372009277344,61.5662841796875,399.9624328613281,0.0249980166554451,26.67385673522949,58.85684585571289,400.0196838378906,-0.0107285752892494,31.254558563232425,66.00782012939453,1682.9892578125,322.0154724121094,30.97265815734864,63.92197799682617,400.0192565917969,-0.0072315149009227,27.6389470013947,1.4783692273468496,1.4783692273468496,71.21185495118549,-5.898183806138732,5.898183806138732,400.0,-0.0311279296875,0.0311279296875,0.0,0.0370181761682033,0.0370181761682033,26.0,-0.06959342956542969,0.06959342956542969,60.1,0.3166442871093693,0.3166442871093693,1553.0,1076.3699951171875,1076.3699951171875,209.0,198.40575981140137,198.40575981140137,31.5,-0.20372009277344105,0.20372009277344105,62.3,0.7337158203124972,0.7337158203124972,400.0,0.037567138671875,0.037567138671875,0.0,-0.0249980166554451,0.0249980166554451,26.6,-0.07385673522948721,0.07385673522948721,59.1,0.2431541442871108,0.2431541442871108,400.0,-0.019683837890625,0.019683837890625,15.282007005772362,15.292735581061612,15.292735581061612,31.2,-0.05455856323242614,0.05455856323242614,66.0,-0.00782012939453125,0.00782012939453125,1683.0,0.0107421875,0.0107421875,322.0,-0.015472412109375,0.015472412109375,30.9,-0.07265815734864134,0.07265815734864134,64.4,0.4780220031738338,0.4780220031738338,408.57378335949767,8.554526767700793,8.554526767700793,0.9526425954997384,0.9598741104006611,0.9598741104006611,2026-02-25 13:21:01.704371,True,True,True,True,True,True,True,True,True,True,True,True,True,True,True,True,True,True,True,True,True,True,True,True,,,False,,,,,False,,,,,False,,,,,False,,,,,False,,,,,False,,,,,False,,,,,False,,
2026-04-08T18:50:11,,,False,29.184112548828125,70.60546112060547,399.9978637695313,-0.0241142697632312,29.825851440429688,70.86766052246094,1340.49951171875,135.21875,29.80760765075684,80.88553619384766,400.001708984375,-0.0182224623858928,31.33360290527344,66.56705474853516,399.9791564941406,-0.0078111886978149,31.20895004272461,65.9758529663086,1682.9661865234375,322.01275634765625,30.68492126464844,62.789825439453125,400.0226135253906,41.00187683105469,,,,,,,,,,,,,,,,,,,,,,,,,,,,,,,,,,,,,,,,,,,,,,,,,,,,,,,,,,,,,,,,,,,,,,,,,,False,False,False,False,False,False,False,False,False,False,False,False,False,False,False,False,False,False,False,False,False,False,False,False,30.604877471923828,,False,,,69.49215698242188,,False,,,678.0083618164062,,False,,,1576.9991455078125,,False,,,30.37562370300293,,False,,,79.68023681640625,,False,,,1273.104736328125,,False,,,126.58936309814452,,False,,
2026-04-08T18:50:58,,,False,29.184112548828125,70.60546112060547,399.9978637695313,-0.0241142697632312,29.825851440429688,70.86766052246094,1340.49951171875,135.21875,29.80760765075684,80.88553619384766,400.001708984375,-0.0182224623858928,31.33360290527344,66.56705474853516,399.9791564941406,-0.0078111886978149,31.20895004272461,65.9758529663086,1682.9661865234375,322.01275634765625,30.68492126464844,62.789825439453125,400.0226135253906,41.00187683105469,,,,,,,,,,,,,,,,,,,,,,,,,,,,,,,,,,,,,,,,,,,,,,,,,,,,,,,,,,,,,,,,,,,,,,,,,,False,False,False,False,False,False,False,False,False,False,False,False,False,False,False,False,False,False,False,False,False,False,False,False,30.604877471923828,,False,,,69.49215698242188,,False,,,678.0083618164062,,False,,,1576.9991455078125,,False,,,30.37562370300293,,False,,,79.68023681640625,,False,,,1273.104736328125,,False,,,126.58936309814452,,False,,
